{
 "epochs_trained": 101,
 "counts": {
  "train": 4780,
  "val": 684,
  "test": 539
 },
 "val_mae": {
  "delta_energy_kJ": 1.9099476352187268,
  "displacement_m": 0.2486550999752995
 },
 "test_mae": {
  "delta_energy_kJ": 2.6587023139725585,
  "displacement_m": 0.2360656061265851
 },
 "rollout_energy_mae_kJ_by_horizon": {
  "1": 2.658702318762523,
  "3": 5.316245777555586,
  "5": 7.407723157917664,
  "10": 11.541105779739478
 },
 "rollout_displacement_mae_m_by_horizon": {
  "1": 0.23606560011255892,
  "3": 0.5532766263713642,
  "5": 0.8626791124021331,
  "10": 1.6006485676187734
 },
 "target_std_test": [
  13.486475944519043,
  1.130469799041748
 ],
 "learned_vs_analytic": {
  "h1": {
   "horizon_steps": 1,
   "n_obs": 250,
   "per_heading_dE_MAE_kJ": 3.5021,
   "per_heading_disp_MAE_m": 0.2480499999999999,
   "cheapest_heading_top1_agreement": 0.34,
   "mean_choice_regret_kJ": 1.764,
   "p90_choice_regret_kJ": 4.199999999999999
  }
 }
}