{
 "epochs_trained": 133,
 "counts": {
  "train": 5009,
  "val": 596,
  "test": 398
 },
 "val_mae": {
  "delta_energy_kJ": 2.6336170487754536,
  "displacement_m": 0.23994394246397768
 },
 "test_mae": {
  "delta_energy_kJ": 2.884576493035022,
  "displacement_m": 0.26187053444292746
 },
 "rollout_energy_mae_kJ_by_horizon": {
  "1": 2.884576321153304,
  "3": 5.958641533327007,
  "5": 7.707131539426064,
  "10": 8.08477071911759
 },
 "rollout_displacement_mae_m_by_horizon": {
  "1": 0.2618705507854412,
  "3": 0.5904793139884268,
  "5": 0.8413305861938188,
  "10": 1.358880331522532
 },
 "target_std_test": [
  16.773723602294922,
  1.137671947479248
 ]
}