{
 "x_mean": [
  508.7829895019531,
  -0.36441686749458313,
  -0.9754441976547241,
  1.5414254665374756,
  6.260730743408203,
  9.770413398742676,
  5.556797981262207,
  1.1052106618881226,
  -1.170892357826233,
  -1.2020363807678223,
  1.185304045677185,
  0.017568377777934074,
  10.539030075073242
 ],
 "x_std": [
  201.8180389404297,
  29.865909576416016,
  31.601285934448242,
  29.0855655670166,
  32.42399978637695,
  33.444087982177734,
  33.3048210144043,
  29.2790584564209,
  31.030311584472656,
  31.400074005126953,
  0.5708944201469421,
  0.13137660920619965,
  2.7919325828552246
 ],
 "y_mean": [
  -13.787582397460938,
  2.2406132221221924
 ],
 "y_std": [
  15.14505672454834,
  1.1562849283218384
 ],
 "feature_names": [
  "energy_kJ",
  "slope_heading_pct",
  "slope_N_pct",
  "slope_NE_pct",
  "slope_E_pct",
  "slope_SE_pct",
  "slope_S_pct",
  "slope_SW_pct",
  "slope_W_pct",
  "slope_NW_pct",
  "speed_ms",
  "wading",
  "metab"
 ],
 "target_names": [
  "delta_energy_kJ",
  "displacement_m"
 ],
 "counts": {
  "train": 5009,
  "val": 596,
  "test": 398
 },
 "files": [
  "collect_1784209839_trace.jsonl"
 ]
}