{
 "x_mean": [
  506.8529357910156,
  -0.3633044362068176,
  -1.1110879182815552,
  1.341213345527649,
  5.814016819000244,
  9.758158683776855,
  6.105857849121094,
  1.3353556394577026,
  -1.0930962562561035,
  -1.3755229711532593,
  1.1881985664367676,
  0.02092050202190876,
  11.019874572753906
 ],
 "x_std": [
  201.578369140625,
  29.216556549072266,
  31.329160690307617,
  28.174251556396484,
  31.132061004638672,
  32.873287200927734,
  33.00706100463867,
  28.20557975769043,
  30.33732795715332,
  30.65342140197754,
  0.5715959668159485,
  0.14311836659908295,
  3.7759735584259033
 ],
 "y_mean": [
  -14.202301025390625,
  2.253016710281372
 ],
 "y_std": [
  15.574023246765137,
  1.1586546897888184
 ],
 "feature_names": [
  "energy_kJ",
  "slope_heading_pct",
  "slope_N_pct",
  "slope_NE_pct",
  "slope_E_pct",
  "slope_SE_pct",
  "slope_S_pct",
  "slope_SW_pct",
  "slope_W_pct",
  "slope_NW_pct",
  "speed_ms",
  "wading",
  "metab"
 ],
 "target_names": [
  "delta_energy_kJ",
  "displacement_m"
 ],
 "counts": {
  "train": 4780,
  "val": 684,
  "test": 539
 },
 "files": [
  "collect_1784213459_trace.jsonl"
 ]
}